Jacto;0800 772 2100, 14 3405 2100;Alta Confiabilidade
Brudden;0800 424 50 00, (14) 3405-5000;Alta Confiabilidade
Fatec Pompeia;(14) 3452-1294, (14) 3452-1482;Alta Confiabilidade
Senai Pompeia;(14) 3405-1550;Alta Confiabilidade
Orion Pompeia;(14) 3452-2553, (14) 3452-3226, (14) 3452-3315;Baixa Confiabilidade
Jazam;(14) 3405-2000;Alta Confiabilidade
Unipac Pompeia;(14) 3405 2100, (19) 2113 1000, (14) 3405 3012, (11) 2424 2544;Baixa Confiabilidade
Vooxer;(14) 99813-1941, (14) 3367-2807;Alta Confiabilidade
Artabas;(14) 3478-9595;Alta Confiabilidade
Farmacia Rovigo;(14) 3452-2727, (14) 3452-4100;Alta Confiabilidade
Coca Cola;0800-021-21-21;Alta Confiabilidade
Agroterenas;(18) 3361-8411;Alta Confiabilidade
Solinftec;(18) 3622-2270;Alta Confiabilidade
Usp;55 11 3091-4421;Alta Confiabilidade
